1|6|Tour Novi Sad - Srbija that you requested has been approved.For more details go to: MyInfo/Requests|22.05.2023. 14:51:46|False
2|7|Tour Beograd - Srbija that you requested has been approved.For more details go to: MyInfo/Requests|22.05.2023. 15:00:15|True
3|1|You have unrated guests!|12.06.2023. 06:33:39|True
4|1|You have unrated guests!|12.06.2023. 06:36:52|True
5|1|You have unrated guests!|12.06.2023. 06:38:02|True
6|1|You have unrated guests!|12.06.2023. 06:40:17|True
7|1|You have unrated guests!|12.06.2023. 06:43:21|True
8|1|You have unrated guests!|12.06.2023. 06:50:14|True
9|1|You have unrated guests!|12.06.2023. 06:53:17|True
10|1|You have unrated guests!|12.06.2023. 06:55:07|True
11|1|You have unrated guests!|12.06.2023. 06:57:04|True
12|1|You have unrated guests!|12.06.2023. 07:00:26|True
13|1|You have unrated guests!|12.06.2023. 07:03:07|True
14|1|You have unrated guests!|12.06.2023. 07:06:54|True
15|1|You have unrated guests!|12.06.2023. 07:20:20|True
16|1|You have unrated guests!|12.06.2023. 07:20:56|True
17|1|You have unrated guests!|12.06.2023. 07:30:02|True
18|1|You have unrated guests!|12.06.2023. 08:32:14|True
19|1|You have unrated guests!|12.06.2023. 08:36:48|True
20|1|You have unrated guests!|12.06.2023. 08:54:50|True
21|1|You have unrated guests!|12.06.2023. 08:55:48|True
22|1|You have unrated guests!|12.06.2023. 08:57:26|True
23|1|You have unrated guests!|12.06.2023. 09:00:32|True
24|1|You have unrated guests!|12.06.2023. 09:01:16|True
25|1|You have unrated guests!|12.06.2023. 09:05:34|True
26|1|You have unrated guests!|12.06.2023. 09:11:35|True
